﻿Indicator,SeriesCode,SeriesDesc,REF_AREA,GeoAreaName,TIME_PERIOD,TIME_DETAIL,SOURCE_DETAIL,COMMENT_OBS,NATURE,OBS_STATUS,UNIT_MEASURE,UNIT_MULT,BIOCLIMATIC_BELT,LAND_COVER,OBS_VALUE,BB_joiner,LC_joiner
15.4.2,ER_MTN_GRNCOV,Mountain green cover area (square kilometres),,,,,,,,,PERCENT,0,ALPINE,ARTIFICIAL,,Alpine,Artificial Surfaces
15.4.2,ER_MTN_GRNCOV,Mountain green cover area (square kilometres),,,,,,,,,PERCENT,0,MONTANE,ARTIFICIAL,,Montane,Artificial Surfaces
15.4.2,ER_MTN_GRNCOV,Mountain green cover area (square kilometres),,,,,,,,,PERCENT,0,NIVAL,ARTIFICIAL,,Nival,Artificial Surfaces
15.4.2,ER_MTN_GRNCOV,Mountain green cover area (square kilometres),,,,,,,,,PERCENT,0,REMAIN_MOUNT,ARTIFICIAL,,Remaining Mountain Area,Artificial Surfaces
15.4.2,ER_MTN_GRNCOV,Mountain green cover area (square kilometres),,,,,,,,,PERCENT,0,TOTAL,ARTIFICIAL,,Total,Artificial Surfaces
15.4.2,ER_MTN_GRNCOV,Mountain green cover area (square kilometres),,,,,,,,,PERCENT,0,ALPINE,CROPLAND,,Alpine,Croplands
15.4.2,ER_MTN_GRNCOV,Mountain green cover area (square kilometres),,,,,,,,,PERCENT,0,MONTANE,CROPLAND,,Montane,Croplands
15.4.2,ER_MTN_GRNCOV,Mountain green cover area (square kilometres),,,,,,,,,PERCENT,0,NIVAL,CROPLAND,,Nival,Croplands
15.4.2,ER_MTN_GRNCOV,Mountain green cover area (square kilometres),,,,,,,,,PERCENT,0,REMAIN_MOUNT,CROPLAND,,Remaining Mountain Area,Croplands
15.4.2,ER_MTN_GRNCOV,Mountain green cover area (square kilometres),,,,,,,,,PERCENT,0,TOTAL,CROPLAND,,Total,Croplands
15.4.2,ER_MTN_GRNCOV,Mountain green cover area (square kilometres),,,,,,,,,PERCENT,0,ALPINE,GRASSLAND,,Alpine,Grasslands
15.4.2,ER_MTN_GRNCOV,Mountain green cover area (square kilometres),,,,,,,,,PERCENT,0,MONTANE,GRASSLAND,,Montane,Grasslands
15.4.2,ER_MTN_GRNCOV,Mountain green cover area (square kilometres),,,,,,,,,PERCENT,0,NIVAL,GRASSLAND,,Nival,Grasslands
15.4.2,ER_MTN_GRNCOV,Mountain green cover area (square kilometres),,,,,,,,,PERCENT,0,REMAIN_MOUNT,GRASSLAND,,Remaining Mountain Area,Grasslands
15.4.2,ER_MTN_GRNCOV,Mountain green cover area (square kilometres),,,,,,,,,PERCENT,0,TOTAL,GRASSLAND,,Total,Grasslands
15.4.2,ER_MTN_GRNCOV,Mountain green cover area (square kilometres),,,,,,,,,PERCENT,0,ALPINE,GREEN_COV,,Alpine,Green Cover
15.4.2,ER_MTN_GRNCOV,Mountain green cover area (square kilometres),,,,,,,,,PERCENT,0,MONTANE,GREEN_COV,,Montane,Green Cover
15.4.2,ER_MTN_GRNCOV,Mountain green cover area (square kilometres),,,,,,,,,PERCENT,0,NIVAL,GREEN_COV,,Nival,Green Cover
15.4.2,ER_MTN_GRNCOV,Mountain green cover area (square kilometres),,,,,,,,,PERCENT,0,REMAIN_MOUNT,GREEN_COV,,Remaining Mountain Area,Green Cover
15.4.2,ER_MTN_GRNCOV,Mountain green cover area (square kilometres),,,,,,,,,PERCENT,0,TOTAL,GREEN_COV,,Total,Green Cover
15.4.2,ER_MTN_GRNCOV,Mountain green cover area (square kilometres),,,,,,,,,PERCENT,0,ALPINE,INLAND_WATER,,Alpine,Inland water bodies
15.4.2,ER_MTN_GRNCOV,Mountain green cover area (square kilometres),,,,,,,,,PERCENT,0,MONTANE,INLAND_WATER,,Montane,Inland water bodies
15.4.2,ER_MTN_GRNCOV,Mountain green cover area (square kilometres),,,,,,,,,PERCENT,0,NIVAL,INLAND_WATER,,Nival,Inland water bodies
15.4.2,ER_MTN_GRNCOV,Mountain green cover area (square kilometres),,,,,,,,,PERCENT,0,REMAIN_MOUNT,INLAND_WATER,,Remaining Mountain Area,Inland water bodies
15.4.2,ER_MTN_GRNCOV,Mountain green cover area (square kilometres),,,,,,,,,PERCENT,0,TOTAL,INLAND_WATER,,Total,Inland water bodies
15.4.2,ER_MTN_GRNCOV,Mountain green cover area (square kilometres),,,,,,,,,PERCENT,0,ALPINE,GLACIERS,,Alpine,Permanent snow and glaciers
15.4.2,ER_MTN_GRNCOV,Mountain green cover area (square kilometres),,,,,,,,,PERCENT,0,MONTANE,GLACIERS,,Montane,Permanent snow and glaciers
15.4.2,ER_MTN_GRNCOV,Mountain green cover area (square kilometres),,,,,,,,,PERCENT,0,NIVAL,GLACIERS,,Nival,Permanent snow and glaciers
15.4.2,ER_MTN_GRNCOV,Mountain green cover area (square kilometres),,,,,,,,,PERCENT,0,REMAIN_MOUNT,GLACIERS,,Remaining Mountain Area,Permanent snow and glaciers
15.4.2,ER_MTN_GRNCOV,Mountain green cover area (square kilometres),,,,,,,,,PERCENT,0,TOTAL,GLACIERS,,Total,Permanent snow and glaciers
15.4.2,ER_MTN_GRNCOV,Mountain green cover area (square kilometres),,,,,,,,,PERCENT,0,ALPINE,SHRUB_COVERED,,Alpine,Shrub-covered areas
15.4.2,ER_MTN_GRNCOV,Mountain green cover area (square kilometres),,,,,,,,,PERCENT,0,MONTANE,SHRUB_COVERED,,Montane,Shrub-covered areas
15.4.2,ER_MTN_GRNCOV,Mountain green cover area (square kilometres),,,,,,,,,PERCENT,0,NIVAL,SHRUB_COVERED,,Nival,Shrub-covered areas
15.4.2,ER_MTN_GRNCOV,Mountain green cover area (square kilometres),,,,,,,,,PERCENT,0,REMAIN_MOUNT,SHRUB_COVERED,,Remaining Mountain Area,Shrub-covered areas
15.4.2,ER_MTN_GRNCOV,Mountain green cover area (square kilometres),,,,,,,,,PERCENT,0,TOTAL,SHRUB_COVERED,,Total,Shrub-covered areas
15.4.2,ER_MTN_GRNCOV,Mountain green cover area (square kilometres),,,,,,,,,PERCENT,0,ALPINE,HERB_AQUA_FLOOD,,Alpine,"Shrubs and/or herbaceous vegetation, aquatic or regularly flooded"
15.4.2,ER_MTN_GRNCOV,Mountain green cover area (square kilometres),,,,,,,,,PERCENT,0,MONTANE,HERB_AQUA_FLOOD,,Montane,"Shrubs and/or herbaceous vegetation, aquatic or regularly flooded"
15.4.2,ER_MTN_GRNCOV,Mountain green cover area (square kilometres),,,,,,,,,PERCENT,0,NIVAL,HERB_AQUA_FLOOD,,Nival,"Shrubs and/or herbaceous vegetation, aquatic or regularly flooded"
15.4.2,ER_MTN_GRNCOV,Mountain green cover area (square kilometres),,,,,,,,,PERCENT,0,REMAIN_MOUNT,HERB_AQUA_FLOOD,,Remaining Mountain Area,"Shrubs and/or herbaceous vegetation, aquatic or regularly flooded"
15.4.2,ER_MTN_GRNCOV,Mountain green cover area (square kilometres),,,,,,,,,PERCENT,0,TOTAL,HERB_AQUA_FLOOD,,Total,"Shrubs and/or herbaceous vegetation, aquatic or regularly flooded"
15.4.2,ER_MTN_GRNCOV,Mountain green cover area (square kilometres),,,,,,,,,PERCENT,0,ALPINE,SPARSE_NAT_VEG,,Alpine,Sparsely natural vegetated areas
15.4.2,ER_MTN_GRNCOV,Mountain green cover area (square kilometres),,,,,,,,,PERCENT,0,MONTANE,SPARSE_NAT_VEG,,Montane,Sparsely natural vegetated areas
15.4.2,ER_MTN_GRNCOV,Mountain green cover area (square kilometres),,,,,,,,,PERCENT,0,NIVAL,SPARSE_NAT_VEG,,Nival,Sparsely natural vegetated areas
15.4.2,ER_MTN_GRNCOV,Mountain green cover area (square kilometres),,,,,,,,,PERCENT,0,REMAIN_MOUNT,SPARSE_NAT_VEG,,Remaining Mountain Area,Sparsely natural vegetated areas
15.4.2,ER_MTN_GRNCOV,Mountain green cover area (square kilometres),,,,,,,,,PERCENT,0,TOTAL,SPARSE_NAT_VEG,,Total,Sparsely natural vegetated areas
15.4.2,ER_MTN_GRNCOV,Mountain green cover area (square kilometres),,,,,,,,,PERCENT,0,ALPINE,TERRESTRIAL_BARREN,,Alpine,Terrestrial barren land
15.4.2,ER_MTN_GRNCOV,Mountain green cover area (square kilometres),,,,,,,,,PERCENT,0,MONTANE,TERRESTRIAL_BARREN,,Montane,Terrestrial barren land
15.4.2,ER_MTN_GRNCOV,Mountain green cover area (square kilometres),,,,,,,,,PERCENT,0,NIVAL,TERRESTRIAL_BARREN,,Nival,Terrestrial barren land
15.4.2,ER_MTN_GRNCOV,Mountain green cover area (square kilometres),,,,,,,,,PERCENT,0,REMAIN_MOUNT,TERRESTRIAL_BARREN,,Remaining Mountain Area,Terrestrial barren land
15.4.2,ER_MTN_GRNCOV,Mountain green cover area (square kilometres),,,,,,,,,PERCENT,0,TOTAL,TERRESTRIAL_BARREN,,Total,Terrestrial barren land
15.4.2,ER_MTN_GRNCOV,Mountain green cover area (square kilometres),,,,,,,,,PERCENT,0,ALPINE,TREE_COVERED,,Alpine,Tree-covered areas
15.4.2,ER_MTN_GRNCOV,Mountain green cover area (square kilometres),,,,,,,,,PERCENT,0,MONTANE,TREE_COVERED,,Montane,Tree-covered areas
15.4.2,ER_MTN_GRNCOV,Mountain green cover area (square kilometres),,,,,,,,,PERCENT,0,NIVAL,TREE_COVERED,,Nival,Tree-covered areas
15.4.2,ER_MTN_GRNCOV,Mountain green cover area (square kilometres),,,,,,,,,PERCENT,0,REMAIN_MOUNT,TREE_COVERED,,Remaining Mountain Area,Tree-covered areas
15.4.2,ER_MTN_GRNCOV,Mountain green cover area (square kilometres),,,,,,,,,PERCENT,0,TOTAL,TREE_COVERED,,Total,Tree-covered areas
