﻿Indicator,SeriesCode,SeriesDesc,REF_AREA,GeoAreaName,TIME_PERIOD,TIME_DETAIL,SOURCE_DETAIL,COMMENT_OBS,NATURE,OBS_STATUS,UNIT_MEASURE,UNIT_MULT,BIOCLIMATIC_BELT,LAND_COVER,OBS_VALUE,OBS_VALUE_RSA,,BB_joiner
15.4.2,ER_MTN_TOTL,Mountain area (square kilometres),,,,,,,,,KMSQ,0,NIVAL,,,1,,Nival
15.4.2,ER_MTN_TOTL,Mountain area (square kilometres),,,,,,,,,KMSQ,0,ALPINE,,,2,,Alpine
15.4.2,ER_MTN_TOTL,Mountain area (square kilometres),,,,,,,,,KMSQ,0,MONTANE,,,3,,Montane
15.4.2,ER_MTN_TOTL,Mountain area (square kilometres),,,,,,,,,KMSQ,0,REMAIN_MOUNT,,,4,,Remaining Mountain Area
15.4.2,ER_MTN_TOTL,Mountain area (square kilometres),,,,,,,,,KMSQ,0,TOTAL,,,0,,Total
