﻿Indicator,SERIES,SeriesDesc,REF_AREA,GeoAreaName,TIME_PERIOD,TIME_DETAIL,SOURCE_DETAIL,COMMENT_OBS,NATURE,OBS_STATUS,UNIT_MEASURE,UNIT_MULT,BIOCLIMATIC_BELT,OBS_VALUE,OBS_VALUE_NET,OBS_VALUE_RSA,OBS_VALUE_RSA_NET,BB_joiner
15.4.2,ER_MTN_DGRDP,Proportion of degraded mountain land (%),,,,,,,,,PERCENT,0,NIVAL,,,,,Nival
15.4.2,ER_MTN_DGRDP,Proportion of degraded mountain land (%),,,,,,,,,PERCENT,0,ALPINE,,,,,Alpine
15.4.2,ER_MTN_DGRDP,Proportion of degraded mountain land (%),,,,,,,,,PERCENT,0,MONTANE,,,,,Montane
15.4.2,ER_MTN_DGRDP,Proportion of degraded mountain land (%),,,,,,,,,PERCENT,0,REMAIN_MOUNT,,,,,Remaining Mountain Area
15.4.2,ER_MTN_DGRDP,Proportion of degraded mountain land (%),,,,,,,,,PERCENT,0,TOTAL,,,,,Total
